"sous_corpus","expression","Phrase(s)"
"Sequoia","fournir travail","§ ['fournir', 'travail'] : Nous avons dès lors décidé, même si on ne nous avait pas demandé d'élaborer de nouvelle proposition, de fournir un travail supplémentaire pour clarifier les options politiques qui sont sur la table et de présenter une nouvelle proposition au Conseil."
"ESLO_ANCOR","prendre position","§ ['prend', 'position'] : oui euh par exemple on nous a reproché nous en tant je pars toujours en tant qu' organisation syndicale de ne pas avoir été assez loin de ne pas avoir euh fait davantage dans la conjoncture euh internationale nationale d' abord et internationale par la suite ça nous était pas possible d' aller d' aller tellement plus loin c' était pas le but le but de l' action des r- des travailleurs c' était une action revendicative ça n' était pas une action politique d' ailleurs c' est le but des syndicats les la politique on le laisse aux partis politiques ce qu' on peut dire notre accord vis-à-vis d' un parti politique quand il prend une position en faveur des tavailleurs on peut on peut dire que nous on est d' accord avec sa position mais là ça n' était pas un but politique c' était surtout un but revendicatif et au point de vue revendication il est certain que les travailleurs ont obtenu beau- quand même euh pas mal de choses les salaires la prise de conscience de leur force et aussi les avantages qui sont pas négligeables les le droit syndical à l' entreprise qui permet aux travailleurs d' aller discuter enfin par l' intermédiaire de délégués avec des employeurs et é- évi- effectivement euh actuellement on assiste à une montée des prix mais elle n' est pas forcément due aussi à l' augmentation des salaires ni aux évènements de mai il y a pour nous euh l' incorporation de la T V A depuis le premier janvier dans le prix de vente des marchandises qui augmente considérablement les marchandises notre vendeur est parti mais il pourrait vous dire que euh le prix marchandise qui est reçu à cinq francs dans un magasin est revendu à mille francs alors vous voyez ça culbute d' où la l' incorporation de la TVA puis le bénéfice du du patron bien sûr alors cette euh augmentation des sal- des prix n' est pas due à l' augmentation euh des salaires en mai et juin ça suffit pas pour expliquer l' augmentation des prix"
"ESLO_ANCOR","avoir rôle","§ ['a', 'rôle'] : oui parce que euh vous savez euh on dit on met toujours ça sur le rôle de l' instituteur ah l' instituteur il en fait il il fait sa classe il n' en fait à il a son rôle mais à la maison la maison moi je trouve que c' est c' est primordial euh les les l' ambiance de la maison euh ce que les enfants entendent ce que les enfants voient euh c' est primordial des fois des fois ça leur convient pas toujours mais ils y viennent et parce que ils veulent pas être imposés mais ils y viennent automatiquement ils y viennent et je trouve que c' est surtout ça la"
"ESLO_ANCOR","avoir idée","§ ['ont', 'idées'] : ce que l' école devrait apprendre aux enfants ben ça on sait pas trop ce qu' ils devraient l' école devrait apprendre aux enfants parce que je crois que ce sont ça c' est un travail de professeurs c' est pas un travail de parents les parents ont des idées qui sont complètement fausses parce qu' ils ne suivent pas l' évolution comme les professeurs peuvent la suivre je crois qu' ils doivent leur apprendre évidemment les notions élémentaires ils doivent leur apprendre à compter et à à bien s' exprimer à calculer un tas de choses mais euh je crois qu' ils devraient leur apprendre que l' école est surtout un début mais ce n' est pas une fin en soi quand on sort de l' école on sait rien du tout et que le combat commence à la sortie de l' école  § ['ont', 'idées'] : bah je crois que c' est là que les lycées ont quand même euh un gros travail à faire c' est à eux de le faire c'est-à-dire les enfants ont des idées tordues euh les parents ils ont des idées tordues ils ont les ils ont ils ont les idées euh qu' ils connaissent ils n' ont pas tandis que les professeurs ont quand même euh des idées beaucoup plus larges que nous  § ['avoir', 'idées'] : et euh si je voulais euh m' en occuper je pense qu' il faudrait vraiment s' en occuper à fond euh ça peut être un bien ça peut être un mal euh ça dépend ce qu' on entend par participation je crois que il ne faut pas faire de démagogie les enfants sont à l' école d' abord il y a il y a plusieurs âges il y a les des gens les les écoles secondaires et l' université l' université on a affaire à des gens à des hommes on a affaire à des gens de dix-huit vingt ans quelquefois plus ce n' est pas le même problème que pour les lycéens je crois que pour les lycéens euh moi je pense que c' est une erreur dans mon âge c' était un bonheur d' aller à l' école d' aller au lycée on supportait on subissait et je crois que c' est un peu oui c' est un peu normal la participation peut intervenir sur euh certaines choses mais pas sur les choses prépondérantes je crois qu' il faut se plier à une certaine discipline parce que dans la vie de toute façon on se plie à la discipline on se plie à la discipline et si j' ai trois cents ouvriers sous mes ordres ils se plient à la discipline du patron et moi je me plie à la discipline du mien alors euh il faut aussi les apprendre et les discipliner il ne faut pas que ça tombe dans l' anarchie ou dans la dogm- ou faire de et il y a beaucoup de gens euh beaucoup de professeurs je crois euh beaucoup de patrons qui font de la démagogie je crois que c' est une erreur quand on est un homme il faut garder avoir ses idées et les garder elles sont bonnes elles sont mauvaises mais il ne faut pas non plus euh plier aux aux premières difficultés absolument pas ça ne veut pas dire que il faut remettre en vigueur les les verges dans les lycées pour fouetter les enfants absolument pas ça euh je crois que les les lycéens peuvent peut-être avoir droit de de consultations on peut leur demander leur avis mais ça ne doit pas tellement influer sur le la direction de du lycée je pense pas tandis que à l'"
"Sequoia","remporter succès","§ ['remporte', 'succès'] : Bourse dédiée aux passionnés et amateurs reposant sur le principe du troc et qui remporte un vif succès."
"ESLO_ANCOR","produire résultat","§ ['produit', 'résultat'] : ça a peut-être produit ce résultat"
"Sequoia","trouver refuge","§ ['trouver', 'refuge'] : Aussitôt, les gendarmes effectuaient une enquête de voisinage et s'informaient auprès des hôpitaux ou de tout autre endroit où aurait pu trouver refuge la jeune fille."
"ESLO_ANCOR","exercer contrôle","§ ['exercer', 'contrôle'] : et comment devrait- on exercer ce contrôle ?  § ['exercer', 'contrôle'] : oui oui comment devrait- on exercer cet ce contrôle alors ça c' est difficile n' est -ce pas ?"
"ESLO_ANCOR","influence avoir","§ ['influence', 'a'] : euh oui oui d' accord oui ça euh d' accord mais enfin euh sur le plan si vous voulez de des de la conduction de euh de la direction du pays il n' ont certainement pas plus d' influence que n' en a euh la reine d' Angleterre"
"ESLO_ANCOR, ESLO_CO2","lui poser question","§ ['vous', 'poser', 'question'] : ou pour faire rire peut-être je vais vous poser une question  § ['vous', 'poser', 'question'] : j' aimerais vous poser une dernière question mais alors vous n' êtes pas obligée d' y répondre est -ce qu' il y a un parti politique qui représente bien vos opinions  § ['vous', 'pose', 'question'] : je vous pose la question"
"ESLO_ANCOR","avoir possibilité","§ ['a', 'possibilités'] : ah oui remarquez que en France c' est un peu ça aussi hein ? c' est un peu c' est un peu cette histoire -là aussi quand on voit que euh on a des possibilités intellectuelles qui peuvent vous mener plus loin euh autant en profiter pour repasser euh d' autres examens et tout ça parce que plus vous en avez et et mieux vous êtes placés c' est toujours la même histoire"
"ESLO_ANCOR","avoir intérêt","§ ['a', 'intérêt'] : hm hm hein ? ben quand ça a un certain intérêt peut-être ça arrive quelquefois que des lettres ont plus d' intérêt que d' autres sui- suivant leur intérêt si vous voulez"
"ESLO_ANCOR","prendre le temps","§ ['prendre', 'le', 'temps'] : hm oui enfin question surtout de s' arrêter de prendre le temps  § ['le', 'temps', 'prends'] : alors tout ça alors je me dis toujours euh vous voyez que je j' ai toujours du temps je prends toujours le temps parce que je veux faire des des euh des reliures je veux faire des cette sorte de choses euh s' arrête"
"emea","avoir fracture","§ ['eu', 'fracture'] : Chez les patients ayant eu une fracture de hanche récente secondaire à un traumatisme modéré, il est recommandé de réaliser l'administration d'Aclasta 2 semaines ou plus après l'intervention sur la fracture (voir rubrique 5.1).  § ['eu', 'fracture'] : Dans le cas où vous avez eu récemment une fracture de hanche, il est recommandé qu'Aclasta soit administré 2 semaines ou plus après réparation de votre fracture.  § ['eu', 'fracture'] : Chez les patients ayant eu récemment une fracture de hanche, il est recommandé d'administrer Aclasta 2 semaines ou plus après réparation de la fracture."
"ESLO_ANCOR","faire recherche","§ ['font', 'recherche'] : qui font de la re- peut-être une certaine recherche dans la danse dans le théâtre et c' est intéressant mais je pense que de toute façon ils n' atteignent pas le public populaire ça je crois pas du tout hein"
"ESLO_ANCOR","exercer activité","§ ['exercer', 'activité'] : on ne doit jamais s' arrêter enfin disons que la formation de base euh doit s' arrêter euh euh très naturellement au moment où l' enfant euh euh a envie de se marier et je j' admets que l' âge normal de se marier étant de vingt- et-un vingt-deux vingt-trois ans il faut qu' à peu près à cette époque -là si vous voulez il ait acquis euh suffisamment de bagage intellectuel pour pouvoir alors exercer une activité productrice mais il faudrait absolument que que son activité intellectuelle euh gratuite continue absolument encore une fois de la même façon que c' est comme si vous me disiez à quel âge faut- il s' arrêter de faire du sport"
"ESLO_ANCOR","effort faire","§ ['efforts', 'faits'] : voyez y a y a pas mal y a pas mal euh de problèmes qui peuvent être soulevés euh sur le plan de l' administration d' une euh d' une ville comme Orléans y a le problème de l' habitation de ce côté -là y a eu de gros efforts euh qui ont été faits"
"ESLO_ANCOR","avoir contact","§ ['avoir', 'contacts'] : d' avoir des contacts euh beaucoup plus fréquents que maintenant avec les troupes américaines ou les troupes anglaises  § ['ai', 'contacts'] : d' ailleurs par exemple nous avons très peu de contact avec eux moi j' ai des contacts avec ces gens -là au uniquement sur le plan professionnel mais ça ne déborde jamais absolument pas puis alors il y a également l' aristocratie des Beaucerons euh des paysans beaucerons alors là qui est extrêmement fermée qu' on ne voit jamais ils vivent ah oui oui absolument parce que j' en connais ces gens sont très bien sont très sympathiques mais enfin ça ne déborde pas le le cadre professionnel absolument pas en dehors de du travail on a absolument aucun contact  § ['a', 'contact'] : oui il y a la classe euh bourgeoise euh qui n' a aucun contact avec la classe ouvrière"
"emea","diriger se","§ ['dirigez', 'vous'] : Après votre sortie de l'hôpital : dirigez vous immédiatement au service des urgences de l'hôpital le plus proche"
"Sequoia","revêtir caractère","§ ['revêtaient', 'caractère'] : Lionel Jospin écrit : ""Il m'a été donné de dire à plusieurs reprises combien les persécutions antisémites et les actes qui en ont découlé revêtaient un caractère particulier aux yeux de l'histoire et de la morale""."
"Sequoia","avoir air","§ ['auront', 'air'] : Il n'empêche que dorénavant les défilés montbéliardais auront un petit air tristounet."
"frwiki","ordonnance signer","§ ['ordonnance', 'signé'] : Le 11 février 2004, l'ordonnance de renvoi devant le tribunal de 47 prévenus a été signé par le juge Armand Riberolles."
"Sequoia","classer sans suite","§ ['classée', 'sans', 'suite'] : L'enquête sur sa mort a été classée sans suite, étant considérée comme accidentelle."
"Sequoia","entraîner irrégularité","§ ['entraîne', 'irrégularités'] : Il n'est pas clairement établi à ce jour qu'Aclasta entraîne ces irrégularités du rythme cardiaque mais en cas de survenue des ces symptômes après avoir reçu Aclasta vous devez en faire part à votre médecin."
"ESLO_ANCOR","enseignement donner","§ ['enseignement', 'donnait'] : je crois que l' enseignement qu' on nous donnait à nous autrefois c' était c' était c' était plus complet c' était ça nous préparait mieux à la vie je crois  § ['donnait', 'enseignement'] : et que ça ne soit pas trop livresque parce que au fond euh je sais pas si c' est le défaut en Angleterre mais en France jusqu' à maintenant euh l' enseignement qu' on leur donnait est un enseignement très très livresque et assez coupé de la vie"
"ESLO_ANCOR","passer vacance","§ ['passerez', 'vacances'] : ah oui ? oui oui enfin c' est elle qui décide aussi par exemple de l' endroit où vous passerez vos vacances ?  § ['passerez', 'vacances'] : hm hm hm hm et est -ce que vous pouvez me dire euh comment vous passerez les vacances d' été l' année prochaine ?  § ['passer', 'vacances'] : oh les vacances vous savez j' ai été passer les vacances l' autre fois j' ai été en Allemagne de l' Est j' étais en Allemagne de l' Est mais c' était des vac- ouais c' était des vacances mais c' était plutôt un voyage d' étude ouais c' est ça un voyage d' étude remarquez j' ai bien passé c' était c' était des vacances par rapport à c' était un changement"
"frwiki","combat mener","§ ['combat', 'mené'] : combat contre les institutions, mené sans relâche, qui dura près de deux décennies et qui, en dehors de son activité d'institutrice, l'occupa à plein temps."
"ESLO_ANCOR","avoir conséquence","§ ['eu', 'conséquences'] : et alors depuis mai euh ? quels ont été les résultats enfin est -ce que la la poussée a continué est -ce que ça ça a eu des conséquences importantes ?  § ['eu', 'conséquences'] : on a eu des conséquences importantes parce que les les les les gars les ouvriers ont pris conscience que seuls ils pouvaient rien faire et avec le syndicat"
"ESLO_ANCOR","prendre cours","§ ['pris', 'cours'] : au point de vue je j' avais pris des cours de coupe et de couture euh après mon mes études"
"ESLO_ANCOR","avoir connaissance","§ ['avoir', 'connaissances'] : donc euh je pense qu' une école enfin une bonne école devrait euh permettre à tous de d' être heureux et d' avoir de faire des c- d' avoir des connaissances"
"Sequoia","enquête réaliser","§ ['enquête', 'réalisée'] : L'enquête réalisée par le conseil municipal des jeunes avait mis en évidence l'intérêt des adultes pour ces activités artistiques."
"ESLO_ANCOR","avoir besoin","§ ['a', 'besoin'] : on en a tous besoin des fois pour surtout dans nos professions  § ['a', 'besoin'] : eh bien on en a besoin ça nous a fait du bien mais on on on était bien content quand on sortait par exemple"
"Sequoia","effectuer liaison","§ ['effectue', 'liaisons'] : Le premier retour de familles (adultes, femmes, enfants) a lieu par la ""traversée du Beach"" (navette fluviale qui effectue les liaisons Brazzaville-Kinshasa), et comprend environ 1500 personnes, sous le contrôle du HCR."
"ESLO_ANCOR","avoir intention","§ ['avais', 'intention'] : eh bien j' avais l' intention d' aller au Mexique seulement le Mexique euh il faut avoir des des v- des devises alors si ça continue comme ça y a pas moyen"
"ESLO_ANCOR","être il temps","§ ['est', 'nous', 'temps'] : jamais oh ben c' est parce que nous n' avons pas le temps"
"ESLO_ANCOR","donner impression","§ ['donne', 'impression'] : bah parce que celui qui reçoit une lettre qui est remplie de fautes d' orthographe ça donne mauvaise impression"
"emea","subir traitement","§ ['subir', 'traitement'] : Il est utilisé en conjonction avec de l'aspirine et du clopidogel (médicaments contribuant à prévenir les caillots sanguins) chez les patients sur le point de subir un traitement pour leur SCA, comme un traitement médicamenteux, subissant une angioplastie ou un pontage coronarien.  § ['subir', 'traitement'] : Il est utilisé en conjonction avec de l'aspirine et du clopidogel (médicaments contribuant à prévenir les caillots sanguins) chez les patients sur le point de subir un traitement pour leur SCA, comme un traitement médicamenteux, subissant une angioplastie ou un pontage coronarien."
"emea","étude mener","§ ['étude', 'menée'] : Les données suivantes relatives aux réactions indésirables sont basées sur une étude clinique menée avec la bivalirudine chez 13 819 patients atteints de SCA ;  § ['étude', 'menée'] : Les données suivantes relatives aux réactions indésirables sont basées sur une étude clinique (REPLACE 2) menée avec la bivalirudine chez 6000 patients subissant une ICP, dont la moitié ont été traités par bivalirudine."
"ESLO_ANCOR, ESLO_CO2","prendre sanction","§ ['prenait', 'sanctions'] : oui et est -ce que est -ce qu' on prenait des sanctions quelquefois ?  § ['prenait', 'sanctions'] : hm hm et prenait- il des sanctions ?  § ['prenait', 'sanctions'] : est -ce qu' il prenait des sanctions ?"
"emea","atteindre insuffisance","§ ['atteints', 'insuffisance'] : Elle est réduite d'environ 20% chez les patients atteints d'insuffisance rénale modérée ou sévère et de 80% chez les patients dépendants de la dialyse (Tableau 11).  § ['atteints', 'insuffisance'] : Chez les patients atteints d'insuffisance rénale, les paramètres de la coagulation tels que l'ACT peuvent être monitorés pendant un traitement par Angiox."
"emea","présenter saignement","§ ['présentant', 'saignement'] : présentant un saignement actif ou un risque accru de saignement en raison de troubles de l'hémostase et/ou de troubles irréversibles de la coagulation ;"
"Sequoia","couper le herbe sous le pied","§ ['couper', ""l'"", 'herbe', 'sous', 'le', 'pied'] : La semaine passée, il a été accusé d'avoir voulu couper l'herbe sous le pied au Président de la Commission, M. Prodi.  § ['couper', ""l'"", 'herbe', 'sous', 'le', 'pied'] : Si vous avez tant besoin de couper l'herbe sous le pied de quelqu'un, je vous proposerais de vous en prendre à M. Solana."
"Sequoia","mettre en scène","§ ['mis', 'en', 'scène'] : L'affaire des photos d'Adnan Hajj est une controverse ayant pour objet certains clichés ""mis en scène"" et des retouches réalisées par le photographe libanais indépendant Adnan Hajj, sur des photos diffusées par l'agence Reuters et reprises par la presse internationale.  § ['mettre', 'en', 'scène'] : Dans un premier temps, ils ont étudié les dialogues du livre et en ont extrait quelques-uns pour mieux les mettre en scène.  § ['mettre', 'en', 'scène'] : Quelques mois auront été nécessaires pour mettre en scène le Petit Prince."
"emea","atteindre maladie","§ ['atteints', 'maladie'] : Aclasta a été étudié chez des hommes et femmes âgés de plus de 30 ans atteints de la maladie de Paget principalement légère à modérée (taux médians de phosphatases alcalines sériques 2,6 à 3,0 fois la limite supérieure de la normale en fonction de l'âge à l'inclusion dans l'étude) et confirmée par radiographies."
"ESLO_ANCOR","suivre cours","§ ['suivez', 'cours'] : non même pour enfin lettres modernes euh tout ça vous ne suivez pas certains cours à Orléans ou ?"
"Sequoia","prendre à partie","§ ['pris', 'à', 'partie'] : Lorsqu'il revient dans sa voiture, il est pris à partie par trois individus qui s'engouffrent aussitôt dans son véhicule et le forcent à les emmener pour un périple dans le Pays de Montbéliard : Bethoncourt, Sochaux, Audincourt, Valentigney, Montbéliard et retour au point de départ."
"ESLO_ANCOR","avoir responsabilité","§ ['avez', 'responsabilités'] : mais alors vous vous avez des responsabilités qui sont pas inscrites au contrat ?"
"emea","présenter symptôme","§ ['présentant', 'symptômes'] : Le pourcentage de patients présentant des symptômes après l'injection était respectivement de 19,5%, 10,4%, 10,7% après la première, deuxième et troisième perfusion, dans une étude de plus petite taille où le traitement symptomatique décrit ci-dessous avait été utilisé."
"emea","souffrir de syndrome","§ ['souffrant', 'de', 'syndrome'] : Angiox est utilisé pour traiter les patients adultes souffrant de ""syndrome coronaire aigu"" (SCA, réduction du flux sanguin vers le coeur), comme un angor instable (douleurs thoraciques de gravité variable) ou un infarctus du myocarde (crise cardiaque) sans ""sus-décalage du segment ST"" (relevé anormal à l'électrocardiogramme ou ECG)."
"Sequoia","faire partie","§ ['faisait', 'partie'] : Les douze membres du Conseil d'administration de la Juve, dont faisait partie Moggi, démissionnent le 11 mai 2006 [2].  § ['faisaient', 'partie'] : Triste pour les musiciens qui, en majorité, faisaient partie de la batterie depuis au moins trente ans.  § ['faisaient', 'partie'] : Denise et son époux René, ancien lieutenant des pompiers de l'Isle-sur-le-Doubs, faisaient aussi partie de l'Union nationale des combattants."
"ESLO_ANCOR","faire guerre","§ ['fait', 'guerre'] : quand je vois avec eux lui ben il a fait la guerre il a fait la guerre de il a fait la campagne de France d' Italie et de Russie alors il a pas envie de recommencer il aurait dit en Italie oui la nourriture hein c' était pas fameux en France il a dit en France on mangeait bien oui mais en Russie alors là il y avait rien du tout ah rien"
"ESLO_ANCOR","donner réponse","§ ['donner', 'réponse'] : et puis dès que qu' on estime qu' ils sont capables de donner une réponse valable enfin de toute façon on leur fait faire des on leur fait des audiogrammes très souvent et dès qu' on estime avoir une réponse valable on les appareille hein ?  § ['donne', 'réponse'] : euh eh ben ça ça a rendu la parole plus facile parce que des un commerçant quand vous lui offrez quelque chose qui vous donne une une réponse on ne on ne trouvait pas on la trouve mais ça vient ça vient trop longtemps après"
"ESLO_ANCOR","faire service","§ ['fait', 'service'] : trop facile alors aux fiançailles j' ai dit à la maman je dis bien euh ce celui qui est photographe fait son service militaire je dis quand il va être euh avoir fini son service militaire vous allez peut être l' installer oh elle dit pensez vous elle dit l' installer ça serait beaucoup trop de responsabilités trop fatigant on a un oncle qui est dans la librairie qui est chose comme ça alors euh voilà alors y en a un plus petit qui a huit ans mais alors on le garde à la maison il a une institutrice particulière et"
"ESLO_ANCOR","avoir importance","§ ['ont', 'importance'] : ben je dois dire que je ne peux pas répondre à cette question parce que je suis pas tellement au courant de des études que l' on fait actuellement dans les dans les lycées secondaires ou universités il y a beaucoup de changements les math- je ne pense pas euh vous savez ce que disait je crois euh il est euh euh quand on fait des études secondaires euh ce qu' il disait exactement euh la culture euh c' est ce qui reste que lorsqu' on a tout oublié c' est ça hein je crois que il avait raison on oublie un tas de choses il vous reste quand même une certaine base qui de toute façon vous est utile euh les matières négligées dans l' enseignement n' ont pas tellement d' importance ce qui compte c' est que les gens que les enfants aient l' esprit ouvert et après ils apprendront d' eux-mêmes ils pourront l' apprendre je crois que l' important c' est d' ouvrir l' esprit faut pas tout apprendre on peut pas apprendre tout euh  § ['a', 'importance'] : de milieu de milieux familiaux je crois que le milieu familial a une grande importance l' enfant euh dont les parents ont une certaine un certain degré de d' éd- d' éducation d' évolution est peut-être mieux pla- mieux mieux placé que celui euh dont les parents euh n' ont pas euh fait des études euh suffisantes je crois que ça peut quand même euh en cert- dans une certaine mesure ça peut intervenir mais celui qui est pas intelligent de toute façon il réussira pas"
"ESLO_ANCOR","avoir capacité","§ ['ont', 'capacités'] : moi je crois y a déjà y a la ça dépend des individus de de l' individu si on veut dire y a des enfants qui ont des capacités j' ai vu là et d' autres qui en ont pas puisque dans mes deux filles j' en ai une qui réussissait tout et l' autre euh en fait ça ne lui plaisait pas elle se donnait pas de mal euh y en a qui se donnent du mal y en a qui s' en donnent pas d' autres qui ont des facilités d' autres qui n' en ont pas alors en plus y a y a des enfants dont personne s' occupe et d' autres que dont les parents peuvent s' occuper si ils ont eu euh ben eux-mêmes une éducation avant"
"ESLO_ANCOR, ESLO_CO2","faire étude","§ ['faire', 'études'] : hm hm vous pensez que d' une façon générale enfin les filles devraient faire autant d' études que les garçons ?  § ['fasse', 'études'] : euh à votre avis jusqu' à quel âge faudrait- il que qu' on fasse des études ?  § ['faites', 'étude'] : ah oui ah bien sûr sinon je le ferais pas c' est un travail passionnant parce que c' est euh une invention tous les jours il faut inventer quelque chose lorsque vous prenez un chantier vous allez vous partez sur des plans vous faites une étude ce qu' on appelle une étude commerciale qui vous permet de déterminer les prix si vous avez déterminé ces prix et euh sa part comprend en général le moins disant et c' est là que les difficultés commencent parce que en général quand on a fait l' étude commerciale on a pas fait d' étude technique parce qu' on a pas"
"ESLO_ANCOR","faire confiance","§ ['fait', 'confiance'] : ou alors elle a essayé elle nous a quittés pendant un certain temps et vous là ça fait trois ans que le patron est décédé bon eh bien elle nous a quittés elle revient elle dira pas un mot à la dame parce que la dame ne venait jamais au magasin le rien du tout alors euh pour elle bon bien c' est elle est pas intéressante parce que elle ne travaillait pas avant vous comprenez ? alors nous comme c' est nous qui faisons les achats alors au fond on a les mêmes achats on fait les mêmes achats que notre patron on sait ce qu' il achetait elle la dame elle est là elle nous fait confiance  § ['fais', 'confiance'] : je fais systématiquement confiance bon alors euh si vous y voyez pas d' inconvénient on change le d' onde pendant quelques minutes euhm j' ai si on passait aux questions plus précises et puis on va passer à quelque chose plus général pour terminer en beauté enfin la toute première question est -ce qu' il y a chez vous un dictionnaire ?  § ['fait', 'confiance'] : bien moi je trouve un bon client premièrement d- s- nous notre maison elle est spéciale voyez- vous c' est vraiment la la clientèle sûre la clientèle la bonne bonne clientèle hein alors euh qui achète assez le beau qui fait confiance encore quand même à nous"
"ESLO_ANCOR","avoir habitude","§ ['ai', 'habitude'] : je sais pas j' ai l' habitude je l' ai j' arrive de je prends une autre une autre station c' est pas qu' ils sont mal mais j' ai l' habitude je connais tout le l' Europe numéro Un je sais déjà euh j' ai l' habitude c' est c' est toute la journée je suis avec j' ai le j' ai d' ailleurs j' ai quatre quatre postes je crois si  § ['ai', 'habitude'] : moi j' ai l' habitude de celle -là c' est pour ça  § ['avez', 'habitude'] : vous avez l' habitude ?"
"ESLO_ANCOR","recevoir éducation","§ ['recevoir', 'éducation'] : et vous croyez que les filles et les garçons doivent recevoir la même éducation enfin la même instruction ?"
"Sequoia","entretien accorder","§ ['entretien', 'accordé'] : Ces intermédiaires ont distribué des sommes que Roland Dumas avait publiquement estimé en 1998 à ""2,5 milliards de francs environ"", avant de réévaluer ce chiffre à ""5 milliards de francs"" dans un entretien accordé au Nouvel Observateur le 9 mars 2000.  § ['entretien', 'accordé'] : Il fait aujourd'hui l'objet d'un mandat d'arrêt international, et dans un entretien accordé au Monde, il confirme la position ""officielle"" selon laquelle il n'y aurait pas eu de versement de rançon."
"ESLO_ANCOR","faire demande","§ ['faire', 'demande'] : et on peut pas faire une demande à l' administration par exemple sur une feuille de papier bleu vert ou hein choses comme ça si on écrit à une administration on va pas écrire ça sur une lettre euh de bleu quoi si vous voulez"
"ESLO_ANCOR","prendre son place","§ ['prendre', 'leur', 'place'] : et qui est si vous voulez pour euh permettre aux femmes euh de faire euh de prendre leur place dans la vie euh dans la vie civique et dans la viesociale alors euh par un moyen de formation on est un peu à ce stade -là à Orléans et pour euh amener les femmes à réfléchir à ces problèmes -là  § ['prendre', 'notre', 'place'] : euh moi au départ c' était un travail de formation parce que je me rendais compte que la femme a une place à prendre dans la vie civique et sociale et au fond euh on n' est pas du tout préparé euh ni par les études euh si vous voulez jusqu' à un niveau de baccalauréat des études ordinaires on n' est pas du tout préparé à prendre notre place"
"ESLO_ANCOR","donner conseil","§ ['donnent', 'conseils'] : y a toujours euh des hommes qui parlent euh des hommes politiques qui parlent euh d' autres qui donnent des conseils et tout ça moi je trouve que c' est très bien très très bien j' aime beaucoup"
"ESLO_ANCOR","avoir difficulté","§ ['aura', 'difficultés'] : mais même à disons à situation égale on aura des difficultés à s' intégrer dans le dans un cercle orléanais  § ['auraient', 'difficulté'] : vous croyez qu' ils qu' ils auraient de la difficulté à comprendre si vous parliez comme un ouvrier par exemple ?  § ['auraient', 'difficultés'] : ah oui mais i- ils auraient pas de difficultés mais ils di- ils considéreraient comme euh ils nous considé- ça serait ils considéreraient ils dit tiens celui là il a même pas d' intelligence il fait même pas hein il fait même pas attention ou n' importe"
"ESLO_ANCOR","en savoir","§ ['en', 'sais'] : oh ça j' en sais rien"
"ESLO_ANCOR","avoir activité","§ ['ai', 'activité'] : mes loisirs mais mes loisirs à Orléans sont très réduits parce que j' ai une activité assez assez intense il m' arrive même de travailler le dimanche alors euh  § ['ait', 'activité'] : euh enfin dans dans ma famille euh il est de tradition que l' épouse ait une activité intellectuelle alors euh je viens d' employer le terme de travailler mais enfin euh disons que il nous paraît très naturel qu' une femme ait une activité euh intellectuelle autre que que faire le ménage ou faire la cuisine enfin"
"ESLO_ANCOR, ESLO_CO2","prendre photo","§ ['prenez', 'photos'] : vous prenez des photos ?  § ['pris', 'photos'] : oui oui oui oui oui j' ai été au vingt-quatre heures du Mans l' année dernière et et j' ai pris des ces ces photos et sur un grand nombre il y en avait deux de bonnes et c' est celle -là parce que c' est pas tellement facile"
"ESLO_ANCOR","rapport avoir","§ ['rapports', 'avez'] : est -ce que vous pouvez parler un peu des rapports que vous avez avec vos patrons ?  § ['avez', 'rapports'] : et vous avez des rapports avec votre patron ou euh ?  § ['avoir', 'rapports'] : et les commerçants vous les classez dans la classe moyenne ? oui oui et est -ce que c' est des plus c' est plus facile pour la classe moyenne d' avoir des rapports avec la bourgeoisie que pour la classe ouvrière d' avoir des rapports avec la classe moyenne ?"
"ESLO_ANCOR, ESLO_CO2","avoir le temps","§ ['eu', 'le', 'temps'] : oui mais enfin elles ont quand même eu le temps de se faire une légère opinion surtout qu' elles sont assez jeunes alors elles sortent quand même et elles se rendent compte que finalement pour s' intégrer dans dans la ville même euh c' est assez difficile  § ['avez', 'le', 'temps'] : ah oui v- vous avez le temps ? c' est c' est c' est pas trop rapide ?  § ['a', 'le', 'temps'] : enfin on verra on a le temps"
"emea","subir pontage","§ ['subissant', 'pontage'] : Il est utilisé en conjonction avec de l'aspirine et du clopidogel (médicaments contribuant à prévenir les caillots sanguins) chez les patients sur le point de subir un traitement pour leur SCA, comme un traitement médicamenteux, subissant une angioplastie ou un pontage coronarien."
"ESLO_CO2","avoir vocation","§ ['avoir', 'vocation'] : c' est un métier tellement inhabituel si vous voulez que à moins d' avoir une vocation comme certains jeunes tout d' un coup se découvrent la vocation de verrier c' est arrivé j' ai un de mes excellents amis qui est verrier aussi et qui a toujours rêvé de faire du vitrail depuis sa plus tendre enfance bon ben il s' est débrouillé il a appris à droite et à gauche et et il crée des vitraux qui sont fort beaux d' ailleurs bon mais ça c' est un cas spécial mais euh sans ça dans les vieux ateliers qu' est -ce que vous voulez quand on naît dans une ambiance i- il surtout une ambiance comme celle-ci il est difficile de de ne de changer de métier enfin moi c' est c' est ce qui s' est produit pour moi tout au moins"
"ESLO_ANCOR","risque comporter","§ ['risques', 'comporte'] : euh j' ai pris beaucoup de risques d' ailleurs puisque j' avais très peu de capitaux c' était au moment de la dévaluation ça n' a peut-être enfin au moment de la dévaluation de la non dévaluation ça m' a un peu précipité euh je ne le regrette pas mais enfin euh ça va coller c' est tant mieux alors j' ai monté ça euh donc voyez comment j' envisage euh ma ma ma une reconversion éventuelle d' ici à mon avis entre cinq et dix ans qui viennent parce que je pense que ici on resterait je suis en supposant que un recteur le recteur change ou qu' on veuille prendre ma place euh il y en aura et compte tenu de mon expérience je vois vraiment pas ce que je pourrais faire d' autre alors euh donc je mets j' ai monté ce truc -là pour avoir un point de chute et puis alors d' autre part euh je suis persuadé que les études c' est bien mais que si on a un peu de dynamisme et de et puis enfin si on choisit quelque chose d' intelli- d' une branche intelligente on doit arriver à faire quelque chose euh j' ai toujours vu moi des au moment où mes études n' allaient pas très bien euh il a été envisagé que je sois garagiste ça me plaisait et ça m' aurait très bien été certainement et j' ai vu des tas de g ars de gens qui se sont installés avec rien du tout avec un capital euh lamentable rien du tout euh marchand de voitures d' occasion et puis ces gens -là trois ans après ils ont non pas une fortune mais enfin ils ont en stocks quatre-vingts voitures d' occasion leur affaire tourne donc ils ont ils ont fait du capital et ils s' agrandissent et ils font une atelier de ci un atelier de ça quelque chose qui est absolument impossible euh dans le métier de salarié vous êtes salarié votre salaire augmente mais vous ne pouvez pas créer une entreprise à vous évidemment avec tous les risques que ça comporte hein euh et puis euh donc vous vous êtes un un petit peu vous êtes limité vous restez limité alors c'"
"ESLO_ANCOR","faire travail","§ ['fait', 'travail'] : coffrage apparent alors c' est on a fait tout le travail tout le le BRGM BRGM CNRS je travaille toujours pour le CNRS encore pour le moment tous les ouais ouais tout à la Source tous les bâtiments là du BRGM du CNRS euh et puis le le restaurant le restaurant universitaire tout ça  § ['fait', 'travail'] : autrement dit vous êtes à la fois le le grand couturier et puis la personne qui fait le travail ?  § ['faire', 'travail'] : ah c' est si on veut faire son travail comme il faut c' est un travail euh comment dirais- je euh fatigant c' est pas dur"
"ESLO_ANCOR","faire essai","§ ['faire', 'essais'] : puis alors il y a eu également euh diverses erreurs euh commises où on a voulu faire des essais pour apprendre aux enfants à lire  § ['fait', 'essais'] : très souvent ce sont les problèmes familiaux aussi qui peuvent intervenir ou la gueule du professeur ou la façon de de présenter les choses euh on fait beaucoup d' essais sur des pour enseigner les mathématiques là j' ai lu dernièrement euh on a entrepris les math- ce qu' ils appellent les mathématiques modernes je sais pas ce que ça donne ce que ça donnera j' en sais rien enfin bon disons que c' est une présentation différente d' une science qui est toujours qui reste la même de toute façon et alors il y a certainement des enfants qui sont plus accrochés qui apprendront mieux avec cette méthode qu' avec une autre ça bien sûr euh mais bon on n' est pas forcément obtus aux mathématiques mais quelquefois on est obtus à la façon de les présenter  § ['fait', 'essais'] : mais enfin c' est une bonne formule je pense qu' il faudrait le l' améliorer et puis mais il est il de- enfin il y a quelque temps ils a- je crois qu' ils avaient fait des essais en direction des commités d' entreprises pouvoir jouer dans les usines mais les les évènements de mai et juin ont tout arrêté"
"ESLO_ANCOR","avoir formation","§ ['avoir', 'formation'] : ça fait dresser les cheveux sur la tête quand on entend des des mots comme ça oh ça c' est terrible oui parce que écoutez on demande quand même à ces gens -là d' avoir une formation quand même qui soit qui soit acceptable"
"0-100","travail accomplir","§ ['travaux', 'accomplis'] : Pour la fin de l'année et après avoir distribué les colis aux anciens, M. Didier Louis, lors de son allocution, a fait tout d'abord une rétrospective des travaux qui ont été accomplis dans la commune."
"annodisER","action entreprendre","§ ['actions', 'entreprises'] : Il rappelle néanmoins un certain nombre d'actions entreprises par le gouvernement, et plus particulièrement la mise en place du groupe de travail, réuni pour la première fois il y a quelques jours."
"ESLO_ANCOR","il être question","§ ['il', 'est', 'question'] : à seize ans mais il y a des enfants qui n' aiment pas les études et à partir de ce moment -là il n' est pas question d' âge qu' on les fasse aller jusqu' à seize ans et qu' après on leur fasse faire autre chose puisque mais enfin je sais pas si c' est une question d' âge joue tellement enfin je sais que j' aurais des enfants personnellement je ferais n' importe quoi pour qu' ils fassent des études euh le plus longtemps possible à la condition que ça les intéresse s' ils ont envie de faire de la danse qu' ils fassent de la danse s' ils sont heureux en faisant de la danse"
"ESLO_CO2","donner concert","§ ['donne', 'concerts'] : bon y a une société de musique orléanaise y a le conservatoire qui donne des concerts euh"
"ESLO_ANCOR","religion avoir","§ ['religion', 'a'] : cet esprit alors est -ce que cet esprit est fait parce que justement y a presque que tous des enfants laïques d' enf- de parents laïques qui vont là est -ce que l' autre ambiance est faite parce que c' est tous des enfants catholiques qui vont dans l' autre école mais enfin il est certain que le résultat c' est pas pareil c' est y a là euh quelque chose vous voyez cette religion cette religion que l' on a ou que l' on n' a pas et monsieur l' abbé Cartier je le connais très bien connais très bien parce que je je mais moi voyez j' ai préféré l' école euh publique que l' école chrétienne quand j' ai été dû travailler"
"0-100","mener action","§ ['mener', 'actions'] : D'ores et déjà, Guy Rolland se demande « si l'année prochaine nous n'allons pas mener des actions plus ciblées comme celles que nous menons en direction des boîtes de nuit."
"ESLO_ANCOR","avoir opinion","§ ['avez', 'opinion'] : enfin pour pour revenir à à l' enseignement euhm est -ce que vous avez une opinion sur l' âge de la scolarité ?  § ['a', 'opinions'] : bon euh ben l' électeur il il a ses opinions propres euh il les maintient évidemment y a le dans le second tour y a des"
"ESLO_ANCOR, ESLO_CO2","impression avoir","§ ['impression', 'a'] : en fait en fait euh c' est pas tout à fait exact c'est-à-dire que c' est l' impression qu' on a directement mais euh avec un peu de réflexion et surtout au fil des années on s' aperçoit que finalement c' est pas tout à fait ça puisque enfin il y avait un domaine dans lequel on était très sûr de nous puisque euh soi-disant qu' on avait réussi à avoir maintenant un équilibre financier remarquable on avait de l' or en veux- tu en voilà on était prêt à en prêter aux Américains et puis et puis et puis il a suffi de de pas grand-chose puisque enfin trois semaines de grève bien sûr ça coûte cher mais c' est pas quand même très dramatique puisque de toute façon les Français prennent quatre à cinq semaines de vacances ça fait jamais que trois semaines de plus donc si on fait le pourcentage sur l' activité économique totale de l' année c' est pas tellement important hein  § ['ai', 'impression'] : à peu près pour la même raison mais seulement c' était moins développé dans mon temps enfin c' était une impression à moi j' ai l' impression que c' était moins développé que maintenant"
"ESLO_ANCOR","décision prendre","§ ['décisions', 'prises'] : un conseil consultatif où des décisions euh les décisions étant prises par le corps professoral qui eux connaissent quand même mieux les problèmes et puis en fait euh il y a toute la vie devant soi hein  § ['prendre', 'décisions'] : je crois que le pouvoir de décision doit appar- doit appartenir à celui qui domine le problème vous me direz si c' est un bon à rien un bon à rien il y connaît rien ça tant pis alors euh et ça à ce moment -là y a qu' à l' enlever en mettre un autre enfin on part de du postulat que le patron connaît son affaire mais c' est lui qui doit justement prendre ces décisions parce que il voit quand même le problème dans son ensemble mais il ne faut pas négliger euh les avis et les suggestions des gens qui sont en-dessous de vous absolument pas et très souvent d' ailleurs euh oui ils abordent des problèmes que j' ignore totalement toute entreprise bah ça mène un tas de choses que je ne vois pas"
"ESLO_ANCOR","problème poser","§ ['problèmes', 'posent'] : c' est pas les mêmes problèmes qui se posent à chacun  § ['problèmes', 'posent'] : la théorie des ensembles et il paraît qu' on arrive par ces mathématiques -là à résoudre les problèmes qui se posent bien mieux qu' avec les mathématiques classiques que j' ai apprises autrefois ça reste à démontrer  § ['pose', 'problèmes'] : ça pose des problèmes pour l' éducation pour euh"
"Sequoia","audition conduire","§ ['auditions', 'conduites'] : Les multiples auditions conduites par le juge Armand Riberolles ont essentiellement porté sur le rôle du promoteur Jean-Claude Méry, dont les révélations avaient relancé l'enquête."
"ESLO_ANCOR","donner ordre","§ ['donné', 'ordre'] : j' ai dit moi j' avais donné l' ordre j' ai dit les gars chaque gars sur sur les chantiers le onze mars avant de faire grève la grève c' est pas question de rester à la maison et tout ça on fait grève c' est pour obtenir satisfaction vous allez le lun- le le onze mars vous allez et puis chaque délégation il va au patron il dit on demande ça on veut une amélioration de ça ou ça"
"Sequoia","chasser sur le terre","§ ['chassent', 'sur', 'les', 'terres'] : Le Canard enchaîné ""verrait bien l'intérêt de Chevènement, ou de Villiers, qui chassent sur les mêmes terres que Pasqua"", avant de conclure que ""ni l'un ni l'autre ne disposaient des moyens nécessaires pour lancer pareil missile""."
"ESLO_ANCOR","faire classe","§ ['faire', 'classes'] : absolument pas ça dépendra uniquement de lui s' il réussit bien euh à faire des classes littéraires euh ou en philo euh moi ça me dérange absolument pas pourquoi je veux pas je veux absolument pas en faire un technicien s' il réussit euh comme technicien euh tant mieux mais je serai pas plus heureux parce qu' il aura réussi comme technicien pas  § ['fait', 'classe'] : parce que même je vois enfin dans leurs écoles il y a pas les élèves n' ont pas de participation dans les conseils d' administration mais il y a des délégués de classe des des conseils de classe élus donc il des délégués de classe ben est -ce ils sont encore absolument pas formés pour ce genre de choses les élèves jusqu' à maintenant voient plutôt ça dans un sens de de revendications voyez quand euh un professeur vous plaît pas quand il fait mal la classe enfin quand on trouve quand on trouve enfin alors c' est davantage euh des récriminations qu' ils font je crois que les élèves sont pas formés à à prendre une part euh active"
"ESLO_ANCOR","faire plaisir","§ ['fait', 'plaisir'] : oh j' ai les loisirs vous savez pour moi j' ai vu la télévision ça me fait bien plaisir ah autrefois j' aimais aller au théâtre"
"Sequoia","donner permission","§ ['donne', 'permission'] : Selon l'article 46 (2) de la loi fondamentale de la république fédérale, les députés du Bundestag ne peuvent pas être appelés à témoigner ou être arrêtés pour une infraction, sauf si le Bundestag en donne la permission, à moins qu'ils ne soient arrêtés en flagrant délit ou le jour suivant le délit."
"ESLO_ANCOR","avoir rendement","§ ['avoir', 'rendement'] : si on veut avoir un bon rendement parce que maintenant il n' y a que ça qui compte si on veut être au courant surtout de toutes les affaires il ne faut pas arrêter maintenant je pense qu' elle aura de des difficultés pour se remettre au travail tout au moins à un échelon qui correspond euh à son degré d' instruction"
"emea","atteindre SCA","§ ['atteints', 'SCA'] : Pour les patients atteints d'un SCA, la dose initiale recommandée est un bolus intraveineux de 0,1 mg/kg suivi d'une perfusion de 0,25 mg/kg/h."
"emea","étude réaliser","§ ['études', 'réalisées'] : Des études d'interactions médicamenteuses ont été réalisées avec des inhibiteurs plaquettaires, notamment l'acide acétylsalicylique, la ticlopidine, le clopidogrel, l'abciximab, l'eptifibatide ou le tirofiban."
"Sequoia","recevoir coup de fil","§ ['reçoit', 'coup', 'de', 'fil'] : - 1er février 1995 : Éric Halphen reçoit à son cabinet un coup de fil anonyme."
"ESLO_ANCOR","avoir projet","§ ['avez', 'projets'] : et est -ce que vous avez des projets pour les vacances d' été ?  § ['avez', 'projets'] : vous n' avez pas de projets encore euh ?"
"Sequoia","avoir trait","§ ['a', 'trait'] : Madame la Présidente, j'interviendrai contre, en effet, pour une raison de principe qui me paraît tout à fait essentielle et qui a trait au respect des Traités, et notamment de l'article 7 du traité d'Amsterdam.  § ['ayant', 'trait'] : L'article 105, paragraphe 6 du traité, stipule que le Conseil peut confier à la B.C.E. des missions spécifiques ayant trait aux politiques en matière de contrôle prudentiel des établissements de crédit et d'autres établissements financiers, à l'exception des entreprises d'assurances."
"Sequoia","mettre en pratique","§ ['mis', 'en', 'pratique'] : Qui va veiller à ce que tous ces projets soient mis en pratique de façon rapide et efficace ?"
"frwiki","porter nom","§ ['porte', 'nom'] : L'école de Percy porte le nom de ""Blanche et Théophile Maupas"" depuis 1998."
"ESLO_ANCOR","faire fête","§ ['faire', 'fête'] : alors euh actuellement on on appuie on continue plutôt grandement enfin le c- c' est l' occasion de faire une grande fête mais ça a toujours existé"
"ESLO_ANCOR, ESLO_CO2, UBS","problème avoir","§ ['problèmes', 'ont'] : de de voir si on peut pas en rajouter un à telles heures ou bon ça s' est pas encore produit mais ça peut se produire mais enfin pour le moment il y en a tous les quarts d' heure aux heures de pointe et en général toutes les demi heures et ma foi comme il y a quand même beaucoup de voitures sur quatre mille étudiants qu' on a ici il y a certainement deux mille voitures plus ben évidemment y en a toujours qui n' ont pas de voitures hein je crois qu' enfin les problèmes c' est surtout les problèmes que qu' ont les étudiants je crois c' est l' isolement ici y a pas d' endroit pour se réunir d' endroit sympa voyez euh un café à Beauchamp là à Orléans-deux là y a rien du tout  § ['a', 'problèmes'] : en ce qui concerne l' école libre et l' école laïque je crois que l' école libre ces derniers temps est mieux que l' école laïque dans beaucoup de domaines parce que elle n' a pas les problèmes de l' école laïque ses professeurs n' ont pas les mêmes problèmes que les professeurs de l' école laïque parce que ils ont moins de monde ils n' ont pas cet que l' on a dans l' école laïque alors évidemment ils se trouvent dans une position favorisée au point de vue enseignement je ne pense pas qu' il soit inférieur que les maîtres de l' école libre soient inférieurs à ceux de l' école laïque je ne pense pas je ne crois pas je crois que ils ont été favorisés à cause de cet embouteillage monstre euh que l' on a et que l' on connaît encore dans nos lycées et nos et nos universités  § ['ai', 'problèmes'] : c' est d' ailleurs pour ça que les comités d' entreprise ont été établis c' est pour avoir une relation directe entre les ouvriers et le patron sans passer par la voie hiérarchique c' est un court-circuitage qui est admis et qui est très valable et ici j' ai pas de problèmes d' ailleurs sur le point de vue syndical ou comité d' entreprise absolument pas oh ils me répondent d' une façon très honnête on expose ses problèmes et si on leur dit oui c' est oui on leur dit non c' est non ils demandent quelquefois pourquoi euh parce que je ne vois pas mais on a absolument aucun problème"
"ESLO_ANCOR","avoir question","§ ['ai', 'question'] : hm hm alors j' ai une question que je vais vous poser c' est de parler des événements de mai dernier  § ['ai', 'question'] : enfin j' ai une que- enfin une dernière question sur ce questionnaire qui est est -ce que les différences entre les classes ont tendance à diminuer ou à augmenter ?  § ['ayez', 'questions'] : garder plus longtemps euh à moins que vous ayez des questions à me poser je je vous en ai tellement posé maintenant"
"emea","souffrir de maladie","§ ['souffrant', 'de', 'maladie'] : Aclasta ne doit être utilisé, chez les patients souffrant de la maladie osseuse de Paget, que par un médecin expérimenté dans le traitement de cette maladie."
"ESLO_CO2","garder souvenir","§ ['gardé', 'souvenir'] : alors il y a eu un il y a eu un intermède où pendant l' évacuation j' ai été un trimestre à l' école euh laïque et obligatoire et dont j' ai gardé un souvenir euh tout à fait remarquable"
"0-100","crime commettre","§ ['crime', 'commis'] : Un crime commis une semaine plus tôt, dans un studio de la résidence Lemire."
"ESLO_ANCOR","avoir relation","§ ['avoir', 'relation'] : c' est d' ailleurs pour ça que les comités d' entreprise ont été établis c' est pour avoir une relation directe entre les ouvriers et le patron sans passer par la voie hiérarchique c' est un court-circuitage qui est admis et qui est très valable et ici j' ai pas de problèmes d' ailleurs sur le point de vue syndical ou comité d' entreprise absolument pas oh ils me répondent d' une façon très honnête on expose ses problèmes et si on leur dit oui c' est oui on leur dit non c' est non ils demandent quelquefois pourquoi euh parce que je ne vois pas mais on a absolument aucun problème"
"Sequoia","en croire","§ ['en', 'croire'] : à en croire Alain Fribourg, la disproportion entre les deux commissions s'expliquait par le fait que les ""négociations"" menées à Taïwan par Andrew Wang avaient ""permis d'obtenir"" l'augmentation du volume du marché conclu avec Taïpeh, passant de 12 milliards initialement prévus à 16 milliards de francs lors de la signature finale."
"Sequoia","prendre en otage","§ ['pris', 'en', 'otage'] : Or, il est pris en otage et traité comme un prisonnier de guerre."
"emea","subir angioplastie","§ ['subissant', 'angioplastie'] : Il est utilisé en conjonction avec de l'aspirine et du clopidogel (médicaments contribuant à prévenir les caillots sanguins) chez les patients sur le point de subir un traitement pour leur SCA, comme un traitement médicamenteux, subissant une angioplastie ou un pontage coronarien."
"ESLO_ANCOR","enseignement dispenser","§ ['enseignement', 'dispensé'] : surtout en dans les mathématiques notamment ou autres euh l' enseignement qui est dispensé maintenant en mathématiques en en seconde ben c' est ce qu' on ne faisait dans les dans les mathématiques élémentaires euh y a y a vingt ans"
"ESLO_ANCOR","faire grève","§ ['fait', 'grève'] : est -ce que vous vous avez déjà fait grève ?  § ['faire', 'grève'] : comme j' ai commencé à faire grève ?  § ['fait', 'grève'] : ah bon mais est -ce que vous pouvez me raconter ce qui s' est passé quand quand vous avez fait grève ?"
"ESLO_CO2","en revenir","§ ['en', 'reviens'] : mais on on peut faire des bons manuels moi vous vous me direz que j' en reviens toujours à cette question mais enfin y a des bons métiers manuels et on euh un élément moyen peut faire un un bon manuel tout de même et il gagne sa vie"
"ESLO_ANCOR","avoir perception","§ ['avaient', 'perception'] : je sais pas euh je sais pas très bien l' utiliser enfin je sais qu' en général euh oui le docteur qui a fait cette méthode a observé que les enfants qui avaient des troubles du langage euh avaient des une mauvaise perception sur les aigus"
"Sequoia","succès rencontrer","§ ['succès', 'rencontré'] : Lors de l'assemblée générale de l'Association paroissiale d'éducation populaire, le bilan dressé par le vice-président, M. Ménétrez, fait apparaître un solde financier positif, notamment grâce au succès rencontré par le loto, au don de la section des ""Fourmis"" après leur marché de Noël et à la vente de fleurs à l'occasion de la fête des Mères."
"ESLO_ANCOR","cours donner","§ ['cours', 'donnent'] : justement ils doivent euh euh ils doivent euh comment juger puisqu' aujourd'hui vous voyez bien on apprend plus à l' école comme on apprenait et je crois justement c' est l' Académie qui doit juger d' après des instituteurs qui doivent questionner ou des professeurs suivant les cours qu' ils donnent euh euh pour juger ce qui est bon à prendre ce qui est bon à aider un cerveau à se développer euh euh plutôt ça que ça euh"
"Sequoia","traiter par le mépris","§ ['traiter', 'par', 'le', 'mépris'] : Le Président décide de traiter l'affaire par le mépris et fait confiance aux autres journaux pour mener une enquête scrupuleuse qui rétablirait la vérité."
"ESLO_ANCOR","poser question","§ ['poser', 'questions'] : une petite liasse cela oui oui d' accord je m' excuse de vous poser toutes ces questions ça ça a l' air très indiscret mais c' est c' est très utile pour nous  § ['poser', 'questions'] : maintenant vous poser des questions qui feraient peut-être des lacunes dans les  § ['posé', 'questions'] : questionnaires parce que je ne sais même pas plus si je vous ai posé ces questions mais est -ce que je vous ai demandé de me décrire une journée de travail ?"
"Sequoia","avoir occasion","§ ['auront', 'occasion'] : Les membres du club auront l'occasion de s'entraîner cet après-midi, dès 14h, salle Jean-Mathieu."
"ESLO_ANCOR","faire course","§ ['faire', 'courses'] : eh bien d' abord en été je sors beaucoup je voyage énormément je j' ai fait déjà des très très grands voyages à à l' étranger et l' hiver eh bien je reste chez moi euh j' aime bien mon confort euh ma maison j' ai beaucoup d' amis alors évidemment la matinée se passe à faire le ménage à faire les courses euh pour manger faire la cuisine l' après-midi ou j' ai des amies qui viennent ou je vais les voir je vais faire des courses en ville y a toujours quelque chose à faire alors je tricote aussi pas mal quand j' ai tricoté suffisamment pour moi je tricote pour ma famille  § ['fais', 'courses'] : hum je fais les courses alors je marque les courses parce que j' oublierais la moitié ce n' est pas pour une non jamais"
"emea","recevoir perfusion","§ ['reçu', 'perfusion'] : 95% d'entre eux ont reçu leur perfusion 2 semaines ou plus après intervention sur la fracture."
